captaindaggerpaws,none
ShawanaGarza,none
P0L4RST4R,none
royalrange,none
OneStepAway14,none
Logicalsky,none
blowntosmythereens,none
Nebex,none
darkpandalex,none
ImYesILeffHisAss2398,none
soimjustagirl,none
arual_x,none
Ellebell87,none
americanidiot1117,none
rzpc0717,none
WorkingItOutSomeday,none
FloatDH2,none
DARKzVENOM,none
aagee,none
_4ndr3AX,none
WhoWantsWhatWithIt,none
DirtyTJ,none
FPBagel,none
SPOOKY_RAGE,none
eunjae_lee,none
catattack003,none
DOCTORE2,none
inductedpark,none
FilthyHumble,none
Ok-Dingo-3684,none
The8bitpineapple,none
THE_SONS_OF_ANARCHY,none
Neron_Gerik,none
Cactus_grower2,none
Alejandro1357,none
Defiant-Way,none
rubyshroom,none
Working-sarbear,none
sourest_of_grapes,none
littlemissnobody124,none
TenTonFluff,none
Nutella_Lord,none
MagicalMysticVA,none
ViolaTittenfee,none
Bisismad,none
iseerflot,none
noclipgate,none
ChupaFaloopa,none
Hii-AL,none
ThatGurlWithFreckles,none
Nugget_MacChicken,none
californiagirl_xoxo,none
zandy2,none
SphmrSlmp,none
phlorida92,none
eleminajor,none
PegasusKnight410,none
Todd-Howard-all-hail,none
KwanggMingg,none
jmorgan19862,none
thelonelyegg2,none
IMPOSSABLANK,none
OhGaming24,none
zeebopbiddlywop,none
PopularTradition,none
Gooey_Goon,none
SzaboZicon,none
rundmc214,none
OfficialAnon2,none
Aesthetik_1,none
Lifelovingattitude,none
dj-zozo,none
R4nchontheside,none
Desperate-Wasabi-715,none
clemonsminions,none
Samuraisol,none
BeastMan15,none
Omix592,none
v_ookami,none
schoie01,none
Fun_Consideration726,none
GabeIT84,none
neeraj8le,none
XerneasPixel,none
Vongola___Decimo,none
pvt_s_baldrick,none
evileine,none
TheOfficialSvengali,none
chrisxixcross,none
kl3berg,none
SnooMemesjellies7529,none
lordoftheyamyams,none
Mr_charcole15,none
NineKain,none
HungryFood19,none
Tripiantes,none
usernametaken7898,none
FrostyManOfSnow,none
MLGJan,none
Robbiemeanswell,none
bdavidson1030,none
Idiotwithahat,none
alien_sushi,none
Equinox087,none
ShivasLimb,none
bobtobno,none
BioHackedRomulan,none
Jonazales014,none
howwaseverynametaken,none
freakybisexualll,none
DragonSlayerN13,none
yelssorc,none
lawn-mumps,none
Susie-is-stabby,none
Dragon_Of_Creation,none
madalert123,none
thorax133,none